index,name,ext,folder
0,,,
1,,,
2,,,
3,,,
4,,,
5,,,
6,,,
7,,,
8,,,
9,,,
10,,,
11,,,
12,,,
13,,,
14,,,
15,,,
16,,,
17,,,
18,,,
19,,,
20,,,
21,,,
22,,,
23,,,
24,,,
25,,,
26,,,
27,,,
28,,,
29,,,
30,,,
31,,,
32,,,
33,,,
34,,,
35,,,
36,,,
37,,,
38,,,
39,,,
40,,,
41,,,
42,,,
43,,,
44,,,
45,,,
46,,,
47,,,
48,,,
49,,,
50,,,
51,,,
52,,,
53,,,
54,,,
55,,,
56,,,
57,,,
58,,,
59,,,
60,,,
61,,,
62,,,
63,,,
64,,,
65,,,
66,,,
67,,,
68,,,
69,,,
70,,,
71,,,
72,,,
73,,,
74,,,
75,,,
76,,,
77,,,
78,,,
79,,,
80,,,
81,,,
82,,,
83,,,
84,,,
85,,,
86,,,
87,,,
88,,,
89,,,
90,,,
91,,,
92,,,
93,,,
94,,,
95,,,
96,,,
97,,,
98,,,
99,,,
100,,,
101,,,
102,,,
103,,,
104,,,
105,,,
106,,,
107,,,
108,,,
109,,,
110,,,
111,,,
112,,,
113,,,
114,,,
115,,,
116,,,
117,,,
118,,,
119,,,
120,,,
121,,,
122,,,
123,,,
124,,,
125,,,
126,,,
127,,,
128,,,
129,,,
130,,,
131,,,
132,,,
133,,,
134,,,
135,,,
136,,,
137,,,
138,,,
139,,,
140,,,
141,,,
142,,,
143,,,
144,,,
145,,,
146,,,
147,,,
148,,,
149,,,
150,,,
151,,,
152,,,
153,,,
154,,,
155,,,
156,,,
157,,,
158,,,
159,,,
160,,,
161,,,
162,,,
163,,,
164,,,
165,,,
166,,,
167,,,
168,,,
169,,,
170,,,
171,,,
172,,,
173,,,
174,,,
175,,,
176,,,
177,,,
178,,,
179,,,
180,,,
181,,,
182,,,
183,,,
184,,,
185,,,
186,,,
187,,,
188,,,
189,,,
190,,,
191,,,
192,,,
193,,,
194,,,
195,,,
196,,,
197,,,
198,,,
199,,,
200,,,
201,,,
202,,,
203,,,
204,,,
205,,,
206,,,
207,,,
208,,,
209,,,
210,,,
211,,,
212,,,
213,,,
214,,,
215,,,
216,,,
217,,,
218,,,
219,,,
220,,,
221,,,
222,,,
223,,,
224,,,
225,,,
226,,,
227,,,
228,,,
229,,,
230,,,
231,,,
232,,,
233,,,
234,,,
235,,,
236,,,
237,,,
238,,,
239,,,
240,,,
241,,,
242,,,
243,,,
244,,,
245,,,
246,,,
247,,,
248,,,
249,,,
250,,,
251,,,
252,,,
253,,,
254,,,
255,,,
256,,,
257,,,
258,,,
259,,,
260,,,
261,,,
262,,,
263,,,
264,,,
265,,,
266,,,
267,,,
268,,,
269,,,
270,,,
271,,,
272,,,
273,,,
274,,,
275,,,
276,,,
277,,,
278,,,
279,,,
280,,,
281,,,
282,,,
283,,,
284,,,
285,,,
286,,,
287,,,
288,,,
289,,,
290,,,
291,,,
292,,,
293,,,
294,,,
295,,,
296,,,
297,,,
298,,,
299,,,
300,,,
301,,,
302,,,
303,,,
304,,,
305,,,
306,,,
307,,,
308,,,
309,,,
310,,,
311,,,
312,,,
313,,,
314,,,
315,,,
316,,,
317,,,
318,,,
319,,,
320,,,
321,,,
322,,,
323,,,
324,,,
325,,,
326,,,
327,,,
328,,,
329,,,
330,,,
331,,,
332,,,
333,,,
334,,,
335,,,
336,,,
337,,,
338,,,
339,,,
340,,,
341,,,
342,,,
343,,,
344,,,
345,,,
346,,,
347,,,
348,,,
349,,,
350,,,
351,,,
352,,,
353,,,
354,,,
355,,,
356,,,
357,,,
358,,,
359,,,
360,,,
361,,,
362,,,
363,,,
364,,,
365,,,
366,,,
367,,,
368,,,
369,,,
370,,,
371,,,
372,,,
373,,,
374,,,
375,,,
376,,,
377,,,
378,,,
379,,,
380,,,
381,,,
382,,,
383,,,
384,,,
385,,,
386,,,
387,,,
388,,,
389,,,
390,,,
391,,,
392,,,
393,,,
394,,,
395,,,
396,,,
397,,,
398,,,
399,,,
400,,,
401,,,
402,,,
403,,,
404,,,
405,,,
406,,,
407,,,
408,,,
409,,,
410,,,
411,,,
412,,,
413,,,
414,,,
415,,,
416,,,
417,,,
418,,,
419,,,
420,,,
421,,,
422,,,
423,,,
424,,,
425,,,
426,,,
427,,,
428,,,
429,,,
430,,,
431,,,
432,,,
433,,,
434,,,
435,,,
436,,,
437,,,
438,,,
439,,,
440,,,
441,,,
442,,,
443,,,
444,,,
445,,,
446,,,
447,,,
448,,,
449,,,
450,,,
451,,,
452,,,
453,,,
454,,,
455,,,
456,,,
457,,,
458,,,
459,,,
460,,,
461,,,
462,,,
463,,,
464,,,
465,,,
466,,,
467,,,
468,,,
469,,,
470,,,
471,,,
472,,,
473,,,
474,,,
475,,,
476,,,
477,,,
478,,,
479,,,
480,,,
481,,,
482,,,
483,,,
484,,,
485,,,
486,,,
487,,,
488,,,
489,,,
490,,,
491,,,
492,,,
493,,,
494,,,
495,,,
496,,,
497,,,
498,,,
499,,,
500,,,
501,,,
502,,,
503,,,
504,,,
505,,,
506,,,
507,,,
508,,,
509,,,
510,,,chr
511,,,chr
512,,,chr
513,,,chr
514,,,chr
515,,,chr
516,,,chr
517,,,chr
518,,,chr
519,,,chr
520,,,chr
521,,,chr
522,,,chr
523,,,chr
524,,,chr
525,,,chr
526,,,chr
527,,,chr
528,,,chr
529,,,chr
530,,,chr
531,,,chr
532,,,chr
533,,,chr
534,,,chr
535,,,chr
536,,,chr
537,,,chr
538,,,chr
539,,,chr
540,,,chr
541,,,chr
542,,,chr
543,,,chr
544,,,chr
545,,,chr
546,,,chr
547,,,chr
548,,,chr
549,,,chr
550,,,chr
551,,,chr
552,,,chr
553,,,chr
554,,,chr
555,,,chr
556,,,chr
557,,,chr
558,,,chr
559,,,chr
560,,,chr
561,,,chr
562,,,chr
563,,,chr
564,,,chr
565,,,chr
566,,,chr
567,,,chr
568,,,chr
569,,,chr
570,,,chr
571,,,chr
572,,,chr
573,,,chr
574,,,chr
575,,,chr
576,,,chr
577,,,chr
578,,,chr
579,,,chr
580,,,chr
581,,,chr
582,,,chr
583,,,chr
584,,,chr
585,,,chr
586,,,chr
587,,,chr
588,,,chr
589,,,chr
590,,,chr
591,,,chr
592,,,chr
593,,,chr
594,,,chr
595,,,chr
596,,,chr
597,,,chr
598,,,chr
599,,,chr
600,,,chr
601,,,chr
602,,,chr
603,,,chr
604,,,chr
605,,,chr
606,,,chr
607,,,chr
608,,,chr
609,,,chr
610,,,chr
611,,,chr
612,,,chr
613,,,chr
614,,,chr
615,,,chr
616,,,chr
617,,,chr
618,,,chr
619,,,chr
620,,,chr
621,,,chr
622,,,chr
623,,,chr
624,,,chr
625,,,chr
626,,,chr
627,,,chr
628,,,chr
629,,,chr
630,,,chr
631,,,chr
632,,,chr
633,,,chr
634,,,chr
635,,,chr
636,,,chr
637,,,chr
638,,,chr
639,,,chr
640,,,chr
641,,,chr
642,,,chr
643,,,chr
644,,,chr
645,,,chr
646,,,chr
647,,,chr
648,,,chr
649,,,chr
650,,,chr
651,,,chr
652,,,chr
653,,,chr
654,,,chr
655,,,chr
656,,,chr
657,,,chr
658,,,chr
659,,,chr
660,,,chr
661,,,chr
662,,,chr
663,,,chr
664,,,chr
665,,,chr
666,,,chr
667,,,chr
668,,,chr
669,,,chr
670,,,chr
671,,,chr
672,,,chr
673,,,chr
674,,,chr
675,,,chr
676,,,chr
677,,,chr
678,,,chr
679,,,chr
680,,,chr
681,,,chr
682,,,chr
683,,,chr
684,,,chr
685,,,chr
686,,,chr
687,,,chr
688,,,chr
689,,,chr
690,,,chr
691,,,chr
692,,,chr
693,,,chr
694,,,chr
695,,,chr
696,,,chr
697,,,chr
698,,,chr
699,,,chr
700,,,chr
701,,,chr
702,,,chr
703,,,chr
704,,,chr
705,,,chr
706,,,chr
707,,,chr
708,,,chr
709,,,chr
710,,,chr
711,,,chr
712,,,chr
713,,,chr
714,,,chr
715,,,chr
716,,,chr
717,,,chr
718,,,chr
719,,,chr
720,,,chr
721,,,chr
722,,,chr
723,,,chr
724,,,chr
725,,,chr
726,,,chr
727,,,chr
728,,,chr
729,,,chr
730,,,chr
731,,,chr
732,,,chr
733,,,chr
734,,,chr
735,,,chr
736,,,chr
737,,,chr
738,,,chr
739,,,chr
740,,,chr
741,,,chr
742,,,chr
743,,,chr
744,,,chr
745,,,chr
746,,,chr
747,,,chr
748,,,chr
749,,,chr
750,,,chr
751,,,chr
752,,,chr
753,,,chr
754,,,chr
755,,,chr
756,,,chr
757,,,chr
758,,,chr
759,,,chr
760,,,chr
761,,,chr
762,,,chr
763,,,chr
764,,,chr
765,,,chr
766,,,chr
767,,,chr
768,,,chr
769,,,chr
770,,,chr
771,,,chr
772,,,chr
773,,,chr
774,,,chr
775,,,chr
776,,,chr
777,,,chr
778,,,chr
779,,,chr
780,,,chr
781,,,chr
782,,,chr
783,,,chr
784,,,chr
785,,,chr
786,,,chr
787,,,chr
788,,,chr
789,,,chr
790,,,chr
791,,,chr
792,,,chr
793,,,chr
794,,,chr
795,,,chr
796,,,chr
797,,,chr
798,,,chr
799,,,chr
800,,,chr
801,,,chr
802,,,chr
803,,,chr
804,,,chr
805,,,chr
806,,,chr
807,,,chr
808,,,
809,,,
810,,,
811,,,
812,,,
